{"Points":[{"Y":2286.25,"X":399.02344},{"Y":2286.25,"X":395.85938}],"Name":"vshape"}