{"Points":[{"Y":2271.25,"X":429.96094},{"Y":2268.125,"X":427.14844}],"Name":"triangle"}