{"Points":[{"Y":1565.625,"X":583.9453},{"Y":1650.853,"X":567.95703},{"Y":1807.7325,"X":548.75824},{"Y":2038.125,"X":538.9453}],"Name":"verticalline"}